Unnamed: 0,RC2,RC1,RC3,RC4,RC5
E1,0.45136053252668,0.022726181606174,0.648808024183189,-0.103223923552934,0.14017491119635
E2,-0.147442576109997,-0.0709213881590065,-0.465359423016087,0.492771114090087,0.266308065512356
E3,-0.0007122632873035,-0.262778088952475,-0.514449343229113,0.51819889305934,0.217872332957554
E4,0.115327063371791,0.162722364645555,0.833362746238671,-0.0544279754475123,-0.142857094949886
E5,0.599873360201154,0.133351915883357,-0.560058045395557,0.061908369243574,0.0433086704779409
E6,0.276213461146641,0.156737849431072,-0.674926660196496,0.0051902264378547,0.184958283680755
E7,-0.20180579803241,0.194146279415419,0.650458097316938,-0.104698675571837,0.380717347562881
E8,-0.24855120122644,0.274996258247362,0.748187704447999,-0.0193797815114453,0.0982490600868746
E9,0.26727368909844,-0.268515333204156,-0.570572058144615,0.445040776605558,-0.0079589701611321
E10,0.323167301896048,-0.265319222176225,-0.31174777337767,0.581861813820819,-0.190044725534468
E11,0.0192509448760062,0.247247608967684,0.485191134719305,-0.463000689775295,0.368764352458184
E12,-0.132733858974653,0.105701239079564,0.637162918663595,-0.215858510569456,0.297709403782218
A13,0.23032057714326,-0.367851443125274,0.098453454276728,0.545156770827687,-0.069004601591996
A14,-0.231292260183092,0.48297531549129,-0.209422859728893,-0.377338902545792,0.441936891558708
A15,0.498544758738845,-0.388679881944796,-0.0591603241359801,0.563899843267918,-0.116611462460831
A16,-0.284139624277831,0.492675844899762,-0.110312830832816,-0.410548482620013,0.490516069532421
A17,0.455243564960027,-0.412193572698585,0.175476183318812,0.225083433481344,0.124479605274363
A18,0.484429790547235,-0.369110056956736,0.212925640574726,0.397205717279463,-0.136597392594408
A19,-0.408103613245193,0.616102082184383,0.0706391492974188,-0.356805485092491,0.336077283084971
A20,-0.158752016162425,0.442473695212858,-0.0207600913899292,-0.243469401051495,0.557251844755187
A21,0.140713748031907,-0.476744362622406,-0.0739842403912113,0.579962127425381,-0.0141965363461531
A22,0.154361022943754,-0.467932412097818,-0.138754154801393,0.50893688016951,0.015695884564013
A23,-0.117618888980129,0.766373096279455,0.196405061922121,-0.219602620085735,0.230690414048466
A24,0.115904895579737,0.71746554471756,0.0922204547678902,-0.260825252609655,0.213007133159301
C25,-0.566483166774462,0.227452172015848,0.472338889960293,0.0931143761803873,0.286615092701236
C26,0.768163597394109,-0.152295919141925,0.0578370154141581,-0.0799509014154532,-0.127538099608264
C27,0.540541518163927,-0.0561886226370608,0.0980169319868623,0.0572641866515495,-0.139549535609146
C28,-0.410854482308164,-0.0451398461425459,0.132745062864692,-0.138832777324078,0.616596507253646
C29,0.806214283333144,-0.0455735290127017,-0.229825633307293,0.218661566281106,0.0264520468571974
C30,0.730744337628405,-0.0427325701801697,-0.239485548043278,0.230026168184303,-0.128745146587506
C31,-0.62236975813934,0.190194901095581,0.471171782681297,-0.0422897226101737,0.294627063013929
C32,-0.233728828951908,0.353909262882753,0.701680574696124,-0.0629595299296534,0.197913239492836
C33,-0.625954416464155,0.430157400057498,0.225921869023933,-0.0058034289283529,0.356943628295517
C34,-0.613979695939817,0.342836019383578,0.0867564171901136,0.126901347056521,0.244892140907401
C35,0.779526999320478,-0.219670423204898,-0.0902247326656369,0.041161046048702,0.0197713346298866
C36,0.814806003606872,-0.226654720375988,-0.0545807261263517,0.1180592374081,0.0193442685796257
N37,0.225322028516632,-0.46538778584532,-0.0224495609281242,0.362782594125885,0.290412925881805
N38,0.151275546797758,0.509246291808395,0.607686200244789,-0.006940482846738,-0.0135979461844881
N39,0.130096456615174,-0.518952861778449,-0.249593900499437,0.0445655458151439,0.361777743834602
N40,-0.0974908112496951,0.828071709181644,0.154193726178451,-0.106890005937385,-0.0598034368767749
N41,-0.145944797080327,0.655540007108635,0.402710113805744,-0.106155166000377,0.01084849883247
N42,-0.296619113408358,0.675065015863027,0.309425148154742,-0.243537924589371,0.0832803238197282
N43,0.498050594922521,-0.573133467418995,-0.117767411111977,0.250689074822053,0.1130337027423
N44,0.417842377784818,-0.325060594644852,-0.336951460417794,0.558641979773265,-0.0611212451139413
N45,0.414683435516581,-0.560619478584405,-0.145325293184626,0.304550967011451,0.201462140389339
N46,-0.276500626588235,0.630458948492582,0.214861905373018,0.144918547713561,0.117569613684723
N47,0.662259791345413,-0.228968462286479,-0.191080424940917,-0.170696321723642,0.0461300721106098
N48,-0.156007440809569,0.779096818060716,0.0998640814575402,0.0615342538320299,0.0140377643889339
O49,0.141228401976802,-0.0361109055281904,0.266763229300134,-0.357712585403265,0.515220518761796
O50,0.421996563267842,0.3147250093737,-0.200549673711512,0.397869403436268,-0.303017311041935
O51,-0.267617613149478,-0.215572270901785,0.464113074719136,-0.178462234510313,0.515960773580495
O52,0.22838231239553,-0.0714371753894971,-0.002095158323907,0.739939845023131,-0.0647779411762158
O53,-0.188056487838675,0.0428560149485595,-0.0187365591349531,0.602651523617812,-0.125888299322818
O54,0.316556528463679,0.0098092250538237,0.150908019278702,-0.533218311959981,0.311020893492892
O55,-0.178198171356304,-0.0113427229580629,-0.012329075228518,0.54767503828495,-0.17285827745556
O56,0.253448440049231,0.326950295886212,0.0377786194425455,-0.548674131078332,0.0786076792236047
O57,-0.21891182242861,0.12305049409798,0.207270820913547,-0.448702494875444,0.475435422371571
O58,0.415098646870795,-0.0395612193925792,-0.351289393064291,0.584403660879724,-0.0767419669671724
O59,0.274474281699514,-0.045617632354147,-0.194276318137428,0.713020541621569,-0.0928641828372284
O60,-0.199184533310468,0.268786307111184,0.434944847666478,-0.152321326058291,0.156594921942022
